Feature,Importance,Importance_se
CT,0.6548730792100408,0.0037829976456688337
MRI,0.34512692078995927,0.0037829976456688194
