Feature,Importance,Importance_se
CT,1.2864379406786426,0.013179855571521964
MRI,0.6811582721850623,0.011375753900024667
