metric,value,ci_lower,ci_upper
auc,0.7210270514656016,0.6975793235537685,0.7489245801146828
f1,0.4835589941972921,0.4459939842209073,0.5250534477087776
precision,0.36284470246734396,0.32634235838667497,0.40413218247538324
recall,0.7246376811594203,0.6788963024742841,0.7721536568213784
accuracy,0.6437625083388926,0.619079386257505,0.6698132088058705
specificity,0.6195840554592721,0.5905066587649813,0.6475798360167433
auc_pr,0.46163679221685944,0.4193505205632034,0.5064626053952267
