metric,value,ci_lower,ci_upper
auc,0.7210270514656016,0.6943746031460222,0.7458926138852763
f1,0.4835589941972921,0.4446582342566127,0.5202665636890424
precision,0.36284470246734396,0.32587503211716345,0.3961043628923746
recall,0.7246376811594203,0.6796386508750455,0.7681279195113186
accuracy,0.6437625083388926,0.6184122748498999,0.6684623082054703
specificity,0.6195840554592721,0.5888850967007964,0.6470600740296119
auc_pr,0.46163679221685944,0.41877510069131824,0.5036901519525467
