metric,value,ci_lower,ci_upper
auc,0.9152588350538768,0.9000314949698168,0.9282943549472185
f1,0.7514188422247446,0.7214265650080257,0.7816154018023386
precision,0.6175373134328358,0.5789447420947579,0.6576526083897044
recall,0.9594202898550724,0.9366381260866459,0.9795947944395149
accuracy,0.8539026017344896,0.8365577051367579,0.8712474983322215
specificity,0.8223570190641247,0.8010339899023653,0.8440791907307527
auc_pr,0.6661016416080566,0.6112409219861163,0.722639011645762
