metric,value,ci_lower,ci_upper
auc,0.915098083540552,0.9005629806247575,0.9287182750530181
f1,0.7606263982102909,0.7278911564625851,0.791343543780286
precision,0.6193078324225865,0.5793256162472223,0.6595618898101359
recall,0.9855072463768116,0.9707559339525283,0.9971516007532957
accuracy,0.857238158772515,0.8385590393595731,0.8745830553702468
specificity,0.8188908145580589,0.7956442892543365,0.8416976946064316
auc_pr,0.6595011990609139,0.6058692912518684,0.7160391634174191
