Feature,Importance,Importance_se
ICD_S06.5,0.5018912239419712,0.004988315488954883
ICD_432.1,0.2355816765408223,0.006962303703125413
ICD_852.2or3,0.14296730353001358,0.007236818622678625
ICD_I62.0,0.11955979598719287,0.0035582132563813256
