Feature,Importance,Importance_se
ICD_852.2or3,2.993192254610201,0.0767289733053206
ICD_S06.5,2.548301965794565,0.04742021929072828
ICD_I62.0,0.7955965155576503,0.031117361566945015
ICD_432.1,0.7228864882300405,0.024553670621882347
