metric,value,ci_lower,ci_upper
auc,0.915098083540552,0.9012018236616337,0.9279817126314835
f1,0.7557603686635944,0.7203770939890197,0.783918187964841
precision,0.627151051625239,0.5830188679245283,0.6647295127353267
recall,0.9507246376811594,0.9264705882352942,0.9727520435967303
accuracy,0.8585723815877252,0.8412108072048032,0.875250166777852
specificity,0.8310225303292894,0.8100484974930481,0.8516291006993323
auc_pr,0.6595011990609139,0.6061915035316344,0.7104423241397136
