metric,value,ci_lower,ci_upper
auc,0.9788096852786778,0.9724660469618295,0.9846493063105579
f1,0.8915343915343915,0.8674343624118331,0.9137055837563451
precision,0.8199513381995134,0.7823095574863609,0.8540392335766422
recall,0.9768115942028985,0.9594157608695651,0.9910979228486647
accuracy,0.9452968645763843,0.933288859239493,0.9566377585056705
specificity,0.9358752166377816,0.9211212216421152,0.9497878635850541
auc_pr,0.9057501671345748,0.870242365627752,0.9367619161397285
