metric,value,ci_lower,ci_upper
auc,0.9788096852786778,0.9717470682354048,0.9849423073150612
f1,0.8915343915343915,0.8659746337493218,0.9137088971650474
precision,0.8199513381995134,0.7796610169491526,0.8557293864865901
recall,0.9768115942028985,0.9598734376791653,0.991279701718908
accuracy,0.9452968645763843,0.9332721814543029,0.9566377585056705
specificity,0.9358752166377816,0.9213966334490352,0.9496988084730803
auc_pr,0.9057501671345748,0.8701304158285774,0.9348984736941315
