,auc,f1s,auc_pr,C,l1_ratio
0,0.9585176991150443,0.8345323741007195,0.8271271522540314,1.4845918738514026,0.01
