metric,value,ci_lower,ci_upper
auc,0.9772900811292793,0.9703050662262351,0.9840933209128649
f1,0.8619791666666666,0.8351251040956924,0.8875348116574926
precision,0.7825059101654847,0.741624771744909,0.8201438848920863
recall,0.9594202898550724,0.9381720430107527,0.9794132741072968
accuracy,0.9292861907938625,0.915927284856571,0.9413108739159439
specificity,0.9202772963604853,0.904237050496483,0.9350987791761101
auc_pr,0.9021232718210423,0.8639996822206794,0.9346067306228585
