metric,value,ci_lower,ci_upper
auc,0.9772900811292793,0.9704814212690319,0.9836080812257209
f1,0.8619791666666666,0.835210884019923,0.886793694141013
precision,0.7825059101654847,0.7422377193856907,0.8214285714285714
recall,0.9594202898550724,0.9376683699855656,0.9783298455834575
accuracy,0.9292861907938625,0.9159439626417611,0.9426284189459639
specificity,0.9202772963604853,0.9038580383785693,0.9360423758830358
auc_pr,0.9021232718210423,0.8646184105945413,0.9347988835185514
