metric,value,ci_lower,ci_upper
auc,0.9791136061085576,0.9727292459272265,0.9850252988803646
f1,0.855457227138643,0.8259294672672206,0.8824482031772145
precision,0.8708708708708709,0.8333215297450426,0.9062523602719034
recall,0.8405797101449275,0.8023590244906359,0.8782648341482754
accuracy,0.9346230820547031,0.9212808539026017,0.9466310873915944
specificity,0.962738301559792,0.9512184856697051,0.9737083523137732
auc_pr,0.8960513356573463,0.8546387387676301,0.9356347561069461
