metric,value,ci_lower,ci_upper
auc,0.9791136061085576,0.9725800500602185,0.9851942991959388
f1,0.855457227138643,0.8270387513613753,0.8829355756273303
precision,0.8708708708708709,0.8327684173778835,0.9071279096433895
recall,0.8405797101449275,0.8025458048281828,0.8753717519938256
accuracy,0.9346230820547031,0.9212808539026017,0.9472981987991995
specificity,0.962738301559792,0.9508329848740377,0.9735274647846274
auc_pr,0.8960513356573463,0.8527093001732151,0.935419564408131
