metric,value,ci_lower,ci_upper
auc,0.9791136061085576,0.9730430039023283,0.9851728591654504
f1,0.855457227138643,0.8283985677244105,0.8833087149187593
precision,0.8708708708708709,0.8349506857759285,0.9061606488269794
recall,0.8405797101449275,0.8044395091125561,0.8807339449541285
accuracy,0.9346230820547031,0.923282188125417,0.9472981987991995
specificity,0.962738301559792,0.9518455540071753,0.9738031068049491
auc_pr,0.8960513356573463,0.8560859138341372,0.9350862428060931
