,auc,f1s,auc_pr
0,0.964584355163596,0.8657465495608532,0.8402227515177098
