,auc,f1s,auc_pr
0,0.970837687459358,0.2995169082125604,0.8312369127417338
