,auc,f1s,auc_pr,C,l1_ratio
0,0.9679084066998064,0.6159420289855072,0.8469494963530021,1.6425030851816498,0.01
